# genre	press	voice	bar	reqBars	gotBars	step0..15
# Outrun press 0: 8B refused, trying 4B
Outrun	0	A	0	4	4	36	.	38	.	36	.	34	.	36	.	38	.	36	.	34	.
Outrun	0	A	1	4	4	36!	.	43	.	36!	.	38	.	36!	.	38	.	36!	.	38	.
Outrun	0	A	2	4	4	36	.	43	.	36	.	43	.	36	.	43	.	36	.	43	.
Outrun	0	A	3	4	4	36	.	43	.	36	.	38	.	36	.	38	.	36	.	38	.
Outrun	0	B	0	4	4	.	60	.	.	.	58	.	.	.	.	.	.	.	.	.	.
Outrun	0	B	1	4	4	.	60	.	.	.	67	.	.	.	.	.	.	.	.	.	.
Outrun	0	B	2	4	4	.	60	.	.	.	62	.	.	.	.	.	.	.	.	.	.
Outrun	0	B	3	4	4	.	60	.	.	.	62	.	.	.	.	.	.	.	.	.	.
Outrun	1	A	0	4	4	36	.	.	.	.	.	.	.	38	.	.	.	.	.	.	.
Outrun	1	A	1	4	4	33	.	.	.	.	.	.	.	43	.	.	.	.	.	.	41
Outrun	1	A	2	4	4	36!	.	.	.	.	.	.	.	38!	.	.	.	.	.	.	.
Outrun	1	A	3	4	4	33	.	.	.	.	.	.	.	36	.	.	.	.	29	.	.
Outrun	1	B	0	4	4	60	.	58	.	57	.	55	.	60	.	58	.	57	.	55	.
Outrun	1	B	1	4	4	57	.	55	.	53	.	51	.	58	.	57	.	55	.	53	.
Outrun	1	B	2	4	4	60	.	67	.	60	.	62	.	55	.	57	.	55	.	57	.
Outrun	1	B	3	4	4	57	.	58	.	60	.	62	.	70	.	69	.	67	.	65	.
Outrun	2	A	0	4	4	36!	.	.	43	.	.	.	36	.	.	33	.	.	.	31	.
Outrun	2	A	1	4	4	33	.	.	39	.	.	.	33	.	.	43	.	.	.	41	.
Outrun	2	A	2	4	4	36	.	.	43	.	.	.	36	.	.	33	.	.	.	31	.
Outrun	2	A	3	4	4	33	.	.	39	.	.	.	33	.	.	43	.	.	.	41	.
Outrun	2	B	0	4	4	60	.	62	.	63	.	65	.	62	.	63	.	65	.	67	.
Outrun	2	B	1	4	4	57	.	58	.	57	.	55	.	65	.	67	.	65	.	63	.
Outrun	2	B	2	4	4	60	.	67	.	60	.	62	.	55	.	57	.	55	.	57	.
Outrun	2	B	3	4	4	57	.	58	.	60	.	62	.	70	.	69	.	67	.	65	.
Outrun	3	A	0	4	4	36	.	.	.	.	.	.	.	36	.	.	.	.	.	.	.
Outrun	3	A	1	4	4	31!	.	.	.	.	.	.	.	37!	.	.	.	.	.	.	.
Outrun	3	A	2	4	4	36	.	.	.	.	.	.	.	36	.	.	.	.	.	.	.
Outrun	3	A	3	4	4	31	.	.	.	.	.	.	.	37	.	.	.	.	.	.	.
Outrun	3	B	0	4	4	60	.	62	63	.	.	65	.	70	.	69	67	.	.	65	.
Outrun	3	B	1	4	4	55	.	53	51	.	.	50	.	59	.	58	56	.	.	54	.
Outrun	3	B	2	4	4	60	.	62	63	.	.	65	.	60	.	62	63	.	.	65	.
Outrun	3	B	3	4	4	55	.	57	55	.	.	53	.	54	.	56	54	.	.	52	.
Outrun	4	A	0	4	4	36!	.	.	.	.	.	.	.	39!	.	.	.	.	.	.	.
Outrun	4	A	1	4	4	41!	.	.	.	.	.	.	.	38!	.	.	.	.	.	.	.
Outrun	4	A	2	4	4	36	.	.	.	.	.	.	.	40	.	.	.	.	.	.	.
Outrun	4	A	3	4	4	41!	.	.	.	.	.	.	.	33!	.	.	.	.	.	.	.
Outrun	4	B	0	4	4	.	60	.	.	.	62	.	.	.	.	60	.	.	.	62	.
Outrun	4	B	1	4	4	.	65	.	.	.	67	.	.	.	.	57	.	.	.	55	.
Outrun	4	B	2	4	4	.	60	.	.	.	67	.	.	.	.	57	.	.	.	58	.
Outrun	4	B	3	4	4	.	65	.	.	.	67	.	.	.	.	57	.	.	.	55	.
Outrun	5	A	0	4	4	36	.	.	.	.	.	.	.	38	.	.	.	.	.	.	.
Outrun	5	A	1	4	4	33!	.	.	.	.	.	.	.	36!	.	.	.	.	.	.	.
Outrun	5	A	2	4	4	36	.	.	.	.	.	.	.	38	.	.	.	.	.	.	.
Outrun	5	A	3	4	4	33!	.	.	.	.	.	.	.	36!	.	.	.	.	.	.	.
Outrun	5	B	0	4	4	60	.	62	.	65	.	62	.	55	.	57	.	58	.	55	.
Outrun	5	B	1	4	4	57	.	58	.	60	.	62	.	70	.	69	.	67	.	65	.
Outrun	5	B	2	4	4	60	.	62	.	63	.	65	.	62	.	63	.	65	.	67	.
Outrun	5	B	3	4	4	57	.	58	.	60	.	62	.	60	.	62	.	63	.	65	.
Outrun	6	A	0	4	4	36	.	.	43	.	.	.	36	.	.	34	.	.	.	33	.
Outrun	6	A	1	4	4	41!	.	.	43	.	.	.	41	.	.	29	.	.	.	31	.
Outrun	6	A	2	4	4	36!	.	.	43	.	.	.	36	.	.	40	.	.	.	33	.
Outrun	6	A	3	4	4	29	.	.	36	.	.	.	29	.	.	38	.	.	.	31	.
Outrun	6	B	0	4	4	60	.	62	65	.	.	62	.	57	.	58	60	.	.	57	.
Outrun	6	B	1	4	4	65	.	67	69	.	.	70	.	60	.	58	57	.	.	55	.
Outrun	6	B	2	4	4	60	.	67	60	.	.	62	.	57	.	58	57	.	.	58	.
Outrun	6	B	3	4	4	65	.	67	69	.	.	70	.	62	.	63	65	.	.	67	.
Outrun	7	A	0	4	4	36	.	.	43	.	.	.	36	.	.	38	.	.	.	36	.
Outrun	7	A	1	4	4	36!	.	.	43	.	.	.	36	.	.	43	.	36!	.	43	.
Outrun	7	A	2	4	4	36	.	.	43	.	.	.	36	.	.	38	.	.	.	36	.
Outrun	7	A	3	4	4	36!	.	.	43	.	.	.	36	.	.	38	.	.	36	38	.
Outrun	7	B	0	4	4	60	.	67	60	.	.	62	.	60	.	62	60	.	.	62	.
Outrun	7	B	1	4	4	60	.	58	57	.	.	55	.	53	.	51	50	.	.	48	.
Outrun	7	B	2	4	4	60	.	62	65	.	.	62	.	60	.	62	63	.	.	60	.
Outrun	7	B	3	4	4	60	.	67	60	.	.	62	.	60	.	62	60	.	.	62	.
Outrun	8	A	0	4	4	36	.	.	.	.	.	.	.	39	.	.	.	.	.	.	.
Outrun	8	A	1	4	4	41!	.	.	.	.	.	.	.	33!	.	.	.	.	.	.	.
Outrun	8	A	2	4	4	36!	.	.	.	.	.	.	.	40!	.	.	.	.	.	.	.
Outrun	8	A	3	4	4	41!	.	.	.	.	.	.	.	33!	.	.	.	.	.	.	.
Outrun	8	B	0	4	4	60	.	62	60	.	.	58	.	57	.	58	57	.	.	55	.
Outrun	8	B	1	4	4	53	.	60	53	.	.	55	.	55	.	57	55	.	.	57	.
Outrun	8	B	2	4	4	60	.	62	63	.	.	65	.	62	.	60	58	.	.	57	.
Outrun	8	B	3	4	4	53	.	60	53	.	.	55	.	55	.	57	55	.	.	57	.
Outrun	9	A	0	4	4	36!	.	.	38	.	.	.	36	.	.	29	.	.	.	31	.
Outrun	9	A	1	4	4	30	.	.	37	.	.	.	30	.	.	43	.	.	.	36	.
Outrun	9	A	2	4	4	36	.	.	43	.	.	.	36	.	.	33	.	.	.	31	.
Outrun	9	A	3	4	4	30!	.	.	37	.	.	.	30	.	.	38	.	.	.	36	.
Outrun	9	B	0	4	4	60	.	62	60	.	.	58	.	55	.	57	55	.	.	53	.
Outrun	9	B	1	4	4	54	.	56	54	.	.	52	.	60	.	62	60	.	.	58	.
Outrun	9	B	2	4	4	60	.	58	57	.	.	55	.	60	.	58	57	.	.	55	.
Outrun	9	B	3	4	4	54	.	56	58	.	.	59	.	55	.	57	58	.	.	60	.
# Darksynth press 0: 8B refused, trying 4B
Darksynth	0	A	0	4	4	.	.	36!	.	.	.	43	.	.	.	33	.	.	.	40	.
Darksynth	0	A	1	4	4	.	.	39!	.	.	.	46	.	.	.	34	.	.	.	36	.
Darksynth	0	A	2	4	4	.	.	36!	.	.	.	43	.	.	.	33	.	.	.	34	.
Darksynth	0	A	3	4	4	.	.	39	.	.	.	41	.	.	.	34	.	.	.	33	.
Darksynth	0	B	0	4	4	60	.	62	65	.	.	62	.	57	.	58	60	.	.	57	.
Darksynth	0	B	1	4	4	63	.	65	63	.	.	62	.	58	.	60	58	.	.	57	.
Darksynth	0	B	2	4	4	60	.	62	65	.	.	62	.	57	.	58	60	.	.	57	.
Darksynth	0	B	3	4	4	63	.	65	67	.	.	69	.	65	.	67	69	.	.	70	.
Darksynth	1	A	0	4	4	36!	.	.	43	.	.	.	36	.	.	34	.	.	.	33	.
Darksynth	1	A	1	4	4	39!	.	.	41	.	.	.	39	.	.	33	.	.	.	34	.
Darksynth	1	A	2	4	4	36	.	.	38	.	.	.	36	.	.	31	.	.	.	33	.
Darksynth	1	A	3	4	4	39	.	.	41	.	.	.	39	.	.	33	.	.	.	34	.
Darksynth	1	B	0	4	4	60	.	62	60	.	.	58	.	57	.	58	57	.	.	55	.
Darksynth	1	B	1	4	4	63	.	70	63	.	.	65	.	58	.	60	58	.	.	60	.
Darksynth	1	B	2	4	4	60	.	67	60	.	.	62	.	57	.	58	57	.	.	58	.
Darksynth	1	B	3	4	4	63	.	65	63	.	.	62	.	58	.	60	58	.	.	57	.
Darksynth	2	A	0	4	4	36!	.	38	.	36!	.	34	.	36!	.	38	.	36!	.	34	.
Darksynth	2	A	1	4	4	36!	.	43	.	36!	.	38	.	36!	.	38	.	36!	.	38	.
Darksynth	2	A	2	4	4	36	.	43	.	36	.	43	.	36	.	43	.	36	.	43	.
Darksynth	2	A	3	4	4	36!	.	38	.	36!	.	34	.	36!	.	38	.	36!	.	34	.
Darksynth	2	B	0	4	4	.	60	.	.	.	62	.	.	.	60	.	.	.	58	.	.
Darksynth	2	B	1	4	4	.	60	.	.	.	62	.	.	.	65	.	.	.	62	.	.
Darksynth	2	B	2	4	4	.	60	.	.	.	62	.	.	.	63	.	.	.	65	.	.
Darksynth	2	B	3	4	4	.	60	.	.	.	62	.	.	.	63	.	.	.	65	.	.
Darksynth	3	A	0	4	4	36!	.	.	43	.	.	.	36	.	.	39	.	.	.	37	.
Darksynth	3	A	1	4	4	36!	.	.	43	.	.	.	36	37!	.	35	.	.	.	37	.
Darksynth	3	A	2	4	4	36	.	.	38	.	.	.	36	.	.	35	.	.	.	37	.
Darksynth	3	A	3	4	4	36!	.	.	38	.	.	.	36	.	.	33	.	.	35	37	.
Darksynth	3	B	0	4	4	.	60	.	.	.	62	.	.	.	64	.	.	.	66	.	.
Darksynth	3	B	1	4	4	.	60	.	.	.	67	.	.	.	59	.	.	.	61	.	.
Darksynth	3	B	2	4	4	.	60	.	.	.	67	.	.	.	61	.	.	.	63	.	.
Darksynth	3	B	3	4	4	.	60	.	.	.	58	.	.	.	56	.	.	.	54	.	.
Darksynth	4	A	0	4	4	.	.	36!	.	.	.	38	.	.	.	33	.	.	.	31	.
Darksynth	4	A	1	4	4	.	.	39!	.	.	.	46	.	.	.	34	.	.	.	41	.
Darksynth	4	A	2	4	4	.	.	36	.	.	.	43	.	.	.	33	.	.	.	40	.
Darksynth	4	A	3	4	4	.	.	39!	.	.	.	46	.	.	.	34	.	.	.	36	.
Darksynth	4	B	0	4	4	60	.	62	63	.	.	65	.	62	.	60	58	.	.	57	.
Darksynth	4	B	1	4	4	63	.	62	60	.	.	58	.	63	.	62	60	.	.	58	.
Darksynth	4	B	2	4	4	60	.	62	60	.	.	58	.	57	.	58	57	.	.	55	.
Darksynth	4	B	3	4	4	63	.	65	63	.	.	62	.	58	.	60	58	.	.	57	.
Darksynth	5	A	0	4	4	.	.	36	.	.	.	43	.	.	.	33	.	.	.	34	.
Darksynth	5	A	1	4	4	.	.	39!	.	.	.	41	.	.	.	34	.	.	.	33	.
Darksynth	5	A	2	4	4	.	.	36	.	.	.	43	.	.	.	33	.	.	.	40	.
Darksynth	5	A	3	4	4	.	.	39!	.	.	.	41	.	.	.	34	.	.	.	33	.
Darksynth	5	B	0	4	4	.	60	.	.	.	62	.	.	.	57	.	.	.	55	.	.
Darksynth	5	B	1	4	4	.	63	.	.	.	65	.	.	.	58	.	.	.	57	.	.
Darksynth	5	B	2	4	4	.	60	.	.	.	67	.	.	.	57	.	.	.	58	.	.
Darksynth	5	B	3	4	4	.	63	.	.	.	70	.	.	.	58	.	.	.	60	.	.
Darksynth	6	A	0	4	4	.	.	36!	.	.	.	43	.	.	.	34	.	.	.	41	.
Darksynth	6	A	1	4	4	.	.	36	.	.	.	38	.	.	.	38	.	.	.	36	.
Darksynth	6	A	2	4	4	.	.	36	.	.	.	43	.	.	.	34	.	.	.	41	.
Darksynth	6	A	3	4	4	.	.	36	.	.	.	43	.	.	.	38	.	.	.	40	.
Darksynth	6	B	0	4	4	.	60	.	.	.	62	.	.	.	60	.	.	.	58	.	.
Darksynth	6	B	1	4	4	.	60	.	.	.	62	.	.	.	65	.	.	.	67	.	.
Darksynth	6	B	2	4	4	.	60	.	.	.	62	.	.	.	61	.	.	.	63	.	.
Darksynth	6	B	3	4	4	.	60	.	.	.	67	.	.	.	62	.	.	.	64	.	.
Darksynth	7	A	0	4	4	36!	.	.	.	43!	.	.	.	34!	.	.	.	36!	.	.	.
Darksynth	7	A	1	4	4	36!	.	.	.	43!	.	.	.	38!	.	.	.	45!	.	.	.
Darksynth	7	A	2	4	4	36	.	.	.	43	.	.	.	34	.	.	.	36	.	.	.
Darksynth	7	A	3	4	4	36	.	.	.	38	.	.	.	38	.	.	.	36	.	.	.
Darksynth	7	B	0	4	4	.	60	.	.	.	58	.	.	.	55	.	.	.	53	.	.
Darksynth	7	B	1	4	4	.	60	.	.	.	62	.	.	.	62	.	.	.	60	.	.
Darksynth	7	B	2	4	4	.	60	.	.	.	62	.	.	.	61	.	.	.	63	.	.
Darksynth	7	B	3	4	4	.	60	.	.	.	62	.	.	.	67	.	.	.	64	.	.
Darksynth	8	A	0	4	4	36	.	.	.	43	.	.	.	37	.	.	.	44	.	.	.
Darksynth	8	A	1	4	4	36	.	.	.	38	.	.	.	35	.	.	.	33	.	.	.
Darksynth	8	A	2	4	4	36!	.	.	.	43!	.	.	.	37!	.	.	.	44!	.	.	.
Darksynth	8	A	3	4	4	36!	.	.	.	43!	.	.	.	35!	.	.	.	42!	.	.	.
Darksynth	8	B	0	4	4	60	.	62	65	.	.	62	.	61	.	63	64	.	.	61	.
Darksynth	8	B	1	4	4	60	.	62	63	.	.	65	.	66	.	68	69	.	.	71	.
Darksynth	8	B	2	4	4	60	.	67	60	.	.	62	.	61	.	63	61	.	.	63	.
Darksynth	8	B	3	4	4	60	.	58	57	.	.	55	.	64	.	62	61	.	.	59	.
Darksynth	9	A	0	4	4	36!	.	43	.	36!	.	43	.	33!	.	40	.	33!	.	40	.
Darksynth	9	A	1	4	4	39!	.	46	.	39!	.	41	.	34!	.	36	.	34!	.	36	.
Darksynth	9	A	2	4	4	36	.	43	.	36	.	38	.	33	.	34	.	33	.	34	.
Darksynth	9	A	3	4	4	39!	.	46	.	39!	.	41	.	34!	.	36	.	34!	.	36	.
Darksynth	9	B	0	4	4	.	60	.	.	.	62	.	.	.	62	.	.	.	58	.	.
Darksynth	9	B	1	4	4	.	63	.	.	.	65	.	.	.	63	.	.	.	60	.	.
Darksynth	9	B	2	4	4	.	60	.	.	.	67	.	.	.	57	.	.	.	58	.	.
Darksynth	9	B	3	4	4	.	63	.	.	.	65	.	.	.	58	.	.	.	57	.	.
# Rave press 0: 8B refused, trying 4B
Rave	0	A	0	4	4	.	.	36!	.	.	.	38	.	.	.	36	.	.	.	34	.
Rave	0	A	1	4	4	.	.	36	.	.	.	38	.	.	.	36	.	.	.	34	.
Rave	0	A	2	4	4	.	.	36	.	.	.	43	.	.	.	36	.	.	.	38	.
Rave	0	A	3	4	4	.	.	36	.	.	.	43	.	.	.	36	.	.	.	38	.
Rave	0	B	0	4	4	60	.	.	67	.	60	.	.	62	.	.	60	.	62	.	.
Rave	0	B	1	4	4	60	.	.	60	.	62	.	.	63	.	.	65	.	67	.	.
Rave	0	B	2	4	4	60	.	.	67	.	60	.	.	62	.	.	60	.	62	.	.
Rave	0	B	3	4	4	60	.	.	62	.	60	.	.	58	.	.	60	.	62	.	.
Rave	1	A	0	4	4	.	.	36	.	.	.	43	.	.	.	36	.	.	.	38	.
Rave	1	A	1	4	4	.	.	36	.	.	.	38	.	.	.	36	.	.	.	34	.
Rave	1	A	2	4	4	.	.	36	.	.	.	43	.	.	.	36	.	.	.	43	.
Rave	1	A	3	4	4	.	.	36	.	.	.	38	.	.	.	36	.	.	.	34	.
Rave	1	B	0	4	4	60	.	.	67	.	60	.	.	62	.	.	60	.	62	.	.
Rave	1	B	1	4	4	60	.	.	67	.	60	.	.	62	.	.	60	.	62	.	.
Rave	1	B	2	4	4	60	.	.	67	.	60	.	.	62	.	.	60	.	62	.	.
Rave	1	B	3	4	4	60	.	.	60	.	62	.	.	63	.	.	65	.	67	.	.
Rave	2	A	0	4	4	36!	.	.	38	.	.	.	36	.	.	34	.	.	.	36	.
Rave	2	A	1	4	4	36!	.	.	43	.	.	.	36	.	.	43	.	.	.	36	.
Rave	2	A	2	4	4	36	.	.	43	.	.	.	36	.	.	43	.	.	.	36	.
Rave	2	A	3	4	4	36!	.	.	43	.	.	.	36	.	.	43	.	.	.	36	.
Rave	2	B	0	4	4	.	.	.	.	.	60	.	.	62	.	.	60	.	58	.	.
Rave	2	B	1	4	4	.	.	.	.	.	60	.	.	60	.	.	62	.	63	.	.
Rave	2	B	2	4	4	.	.	.	.	.	60	.	.	62	.	.	60	.	58	.	.
Rave	2	B	3	4	4	.	.	.	.	.	60	.	.	62	.	.	60	.	58	.	.
Rave	3	A	0	4	4	36	.	.	43	.	.	.	36	.	.	38	.	.	.	36	.
Rave	3	A	1	4	4	36!	.	.	43	.	.	.	36	.	.	38	.	.	.	36	.
Rave	3	A	2	4	4	36	.	.	43	.	.	.	36	.	.	43	.	.	.	36	.
Rave	3	A	3	4	4	36	.	.	43	.	.	.	36	.	.	38	.	.	.	36	.
Rave	3	B	0	4	4	.	.	.	.	.	60	.	.	67	.	.	60	.	62	.	.
Rave	3	B	1	4	4	.	.	.	.	.	60	.	.	67	.	.	60	.	62	.	.
Rave	3	B	2	4	4	.	.	.	.	.	60	.	.	60	.	.	62	.	63	.	.
Rave	3	B	3	4	4	.	.	.	.	.	60	.	.	62	.	.	60	.	58	.	.
Rave	4	A	0	4	4	36!	.	38	.	.	.	36	.	34!	.	36	.	.	.	38	.
Rave	4	A	1	4	4	36!	.	38	.	.	.	36	.	34!	.	36	.	.	.	38	.
Rave	4	A	2	4	4	36!	.	43	.	.	.	36	.	38!	.	36	.	.	.	38	.
Rave	4	A	3	4	4	36!	.	43	.	.	.	36	.	43!	.	36	.	.	.	43	.
Rave	4	B	0	4	4	.	.	.	60	.	62	.	.	.	.	.	60	.	58	.	.
Rave	4	B	1	4	4	.	.	.	60	.	67	.	.	.	.	.	60	.	62	.	.
Rave	4	B	2	4	4	.	.	.	60	.	67	.	.	.	.	.	60	.	62	.	.
Rave	4	B	3	4	4	.	.	.	60	.	60	.	.	.	.	.	62	.	63	.	.
Rave	5	A	0	4	4	36!	.	43	.	36!	.	38	.	36!	.	38	.	36!	.	38	.
Rave	5	A	1	4	4	36	.	43	.	36	.	43	.	36	.	43	.	36	.	43	.
Rave	5	A	2	4	4	36!	.	43	.	36!	.	43	.	36!	.	43	.	36!	.	43	.
Rave	5	A	3	4	4	36	.	38	.	36	.	34	.	36	.	38	.	36	.	34	.
Rave	5	B	0	4	4	.	.	.	60	.	62	.	.	.	.	.	60	.	58	.	.
Rave	5	B	1	4	4	.	.	.	60	.	62	.	.	.	.	.	60	.	58	.	.
Rave	5	B	2	4	4	.	.	.	60	.	67	.	.	.	.	.	60	.	62	.	.
Rave	5	B	3	4	4	.	.	.	60	.	67	.	.	.	.	.	60	.	62	.	.
Rave	6	A	0	4	4	36!	.	.	43	.	.	.	36	.	.	38	.	.	.	36	.
Rave	6	A	1	4	4	36!	.	.	38	.	.	.	36	.	.	34	.	.	.	36	.
Rave	6	A	2	4	4	36!	.	.	43	.	.	.	36	.	.	38	.	.	.	36	.
Rave	6	A	3	4	4	36!	.	.	43	.	.	.	36	.	.	38	.	.	.	36	.
Rave	6	B	0	4	4	.	.	.	.	.	60	.	.	67	.	.	60	.	62	.	.
Rave	6	B	1	4	4	.	.	.	.	.	60	.	.	67	.	.	60	.	62	.	.
Rave	6	B	2	4	4	.	.	.	.	.	60	.	.	67	.	.	60	.	62	.	.
Rave	6	B	3	4	4	.	.	.	.	.	60	.	.	67	.	.	60	.	62	.	.
Rave	7	A	0	4	4	.	.	36	.	.	.	38	.	.	.	36	.	.	.	34	.
Rave	7	A	1	4	4	.	.	36!	.	.	.	43	.	.	.	36	.	.	.	43	.
Rave	7	A	2	4	4	.	.	36	.	.	.	38	.	.	.	36	.	.	.	34	.
Rave	7	A	3	4	4	.	.	36!	.	.	.	38	.	.	.	36	.	.	.	34	.
Rave	7	B	0	4	4	60	.	.	67	.	60	.	.	62	.	.	60	.	62	.	.
Rave	7	B	1	4	4	60	.	.	60	.	62	.	.	63	.	.	65	.	67	.	.
Rave	7	B	2	4	4	60	.	.	67	.	60	.	.	62	.	.	60	.	62	.	.
Rave	7	B	3	4	4	60	.	.	60	.	62	.	.	63	.	.	65	.	67	.	.
Rave	8	A	0	4	4	36	.	.	.	43	.	.	.	36	.	.	.	38	.	.	.
Rave	8	A	1	4	4	36	.	.	.	43	.	.	.	36	.	.	.	43	.	.	.
Rave	8	A	2	4	4	36!	.	.	.	43!	.	.	.	36!	.	.	.	38!	.	.	.
Rave	8	A	3	4	4	36	.	.	.	43	.	.	.	36	.	.	.	38	.	.	.
Rave	8	B	0	4	4	60	.	62	60	.	.	58	.	60	.	62	60	.	.	58	.
Rave	8	B	1	4	4	60	.	60	62	.	.	63	.	65	.	67	69	.	.	70	.
Rave	8	B	2	4	4	60	.	60	62	.	.	63	.	65	.	67	69	.	.	70	.
Rave	8	B	3	4	4	60	.	62	60	.	.	58	.	60	.	62	60	.	.	58	.
Rave	9	A	0	4	4	36	.	43	.	36	.	38	.	36	.	38	.	36	.	38	.
Rave	9	A	1	4	4	36	.	38	.	36	.	34	.	36	.	38	.	36	.	34	.
Rave	9	A	2	4	4	36	.	38	.	36	.	34	.	36	.	38	.	36	.	34	.
Rave	9	A	3	4	4	36!	.	43	.	36!	.	43	.	36!	.	43	.	36!	.	43	.
Rave	9	B	0	4	4	.	.	.	60	.	60	.	.	.	.	.	62	.	63	.	.
Rave	9	B	1	4	4	.	.	.	60	.	62	.	.	.	.	.	60	.	58	.	.
Rave	9	B	2	4	4	.	.	.	60	.	67	.	.	.	.	.	60	.	62	.	.
Rave	9	B	3	4	4	.	.	.	60	.	62	.	.	.	.	.	60	.	58	.	.
# House press 0: 8B refused, trying 4B
House	0	A	0	4	4	36!	.	43	.	36!	.	38	.	31!	.	33	.	31!	.	33	.
House	0	A	1	4	4	33	.	40	.	33	.	40	.	29	.	36	.	29	.	36	.
House	0	A	2	4	4	36!	.	43	.	36!	.	38	.	31!	.	33	.	31!	.	33	.
House	0	A	3	4	4	33!	.	39	.	33!	.	34	.	41!	.	43	.	41!	.	43	.
House	0	B	0	4	4	60	.	62	.	63	.	65	.	60	.	58	.	57	.	55	.
House	0	B	1	4	4	57	.	58	.	60	.	62	.	60	.	62	.	63	.	65	.
House	0	B	2	4	4	60	.	62	.	65	.	62	.	55	.	57	.	58	.	55	.
House	0	B	3	4	4	57	.	58	.	62	.	58	.	65	.	67	.	69	.	65	.
House	1	A	0	4	4	.	.	36!	.	.	.	43	.	.	.	36	.	.	.	43	.
House	1	A	1	4	4	.	.	36!	.	.	.	43	.	.	.	36	.	.	.	38	.
House	1	A	2	4	4	.	.	36	.	.	.	38	.	.	.	36	.	.	.	34	.
House	1	A	3	4	4	.	.	36!	.	.	.	43	.	.	.	36	.	.	.	43	.
House	1	B	0	4	4	60	.	62	.	63	.	65	.	65	.	63	.	62	.	60	.
House	1	B	1	4	4	48	.	50	.	51	.	53	.	55	.	57	.	58	.	60	.
House	1	B	2	4	4	60	.	62	.	63	.	65	.	65	.	63	.	62	.	60	.
House	1	B	3	4	4	48	.	50	.	51	.	53	.	55	.	57	.	58	.	60	.
House	2	A	0	4	4	36!	.	43	.	36!	.	43	.	33!	.	40	.	33!	.	40	.
House	2	A	1	4	4	41!	.	43	.	41!	.	39	.	31!	.	33	.	31!	.	29	.
House	2	A	2	4	4	36	.	43	.	36	.	43	.	33	.	40	.	33	.	40	.
House	2	A	3	4	4	41	.	43	.	41	.	39	.	31	.	33	.	31	.	29	.
House	2	B	0	4	4	60	.	58	57	.	.	55	.	62	.	60	58	.	.	57	.
House	2	B	1	4	4	65	.	67	70	.	.	67	.	55	.	57	58	.	.	55	.
House	2	B	2	4	4	60	.	67	60	.	.	62	.	57	.	58	57	.	.	58	.
House	2	B	3	4	4	53	.	60	53	.	.	55	.	55	.	57	55	.	.	57	.
House	3	A	0	4	4	36	.	.	.	38	.	.	.	36	.	.	.	34	.	.	.
House	3	A	1	4	4	36	.	.	.	43	.	.	.	36	.	.	.	38	.	.	.
House	3	A	2	4	4	36	.	.	.	43	.	.	.	36	.	.	.	38	.	.	.
House	3	A	3	4	4	36	.	.	.	43	.	.	.	36	.	.	.	38	.	.	.
House	3	B	0	4	4	60	.	58	57	.	.	55	.	53	.	51	50	.	.	48	.
House	3	B	1	4	4	60	.	62	60	.	.	58	.	60	.	62	60	.	.	58	.
House	3	B	2	4	4	60	.	62	63	.	.	65	.	65	.	63	62	.	.	60	.
House	3	B	3	4	4	60	.	62	60	.	.	58	.	60	.	62	60	.	.	58	.
House	4	A	0	4	4	.	.	36!	.	.	.	38	.	.	.	31	.	.	.	29	.
House	4	A	1	4	4	.	.	33!	.	.	.	40	.	.	.	29	.	.	.	36	.
House	4	A	2	4	4	.	.	36	.	.	.	38	.	.	.	31	.	.	.	29	.
House	4	A	3	4	4	.	.	33	.	.	.	34	.	.	.	41	.	.	.	39	.
House	4	B	0	4	4	60	.	62	.	63	.	65	.	62	.	63	.	65	.	67	.
House	4	B	1	4	4	57	.	58	.	62	.	58	.	65	.	67	.	69	.	65	.
House	4	B	2	4	4	60	.	62	.	63	.	65	.	62	.	63	.	65	.	67	.
House	4	B	3	4	4	57	.	58	.	60	.	62	.	70	.	69	.	67	.	65	.
House	5	A	0	4	4	36	.	.	.	43	.	.	.	31	.	.	.	33	.	.	.
House	5	A	1	4	4	30!	.	.	.	37!	.	.	.	36!	.	.	.	43!	.	.	.
House	5	A	2	4	4	36!	.	.	.	38!	.	.	.	31!	.	.	.	29!	.	.	.
House	5	A	3	4	4	30!	.	.	.	37!	.	.	.	36!	.	.	.	43!	.	.	.
House	5	B	0	4	4	60	.	62	.	63	.	65	.	62	.	63	.	65	.	67	.
House	5	B	1	4	4	54	.	56	.	58	.	59	.	65	.	63	.	62	.	60	.
House	5	B	2	4	4	60	.	62	.	63	.	65	.	60	.	58	.	57	.	55	.
House	5	B	3	4	4	54	.	56	.	58	.	59	.	65	.	63	.	62	.	60	.
House	6	A	0	4	4	36!	.	.	.	38!	.	36	.	39!	.	.	.	41!	.	43	.
House	6	A	1	4	4	31!	.	.	.	38!	.	31	.	32!	.	.	.	30!	.	32	.
House	6	A	2	4	4	36	.	.	.	38	.	36	.	39	.	.	.	41	.	43	.
House	6	A	3	4	4	31	.	.	.	38	.	31	.	37	.	.	.	30	.	37	.
House	6	B	0	4	4	60	.	62	.	60	.	58	.	65	.	67	.	65	.	63	.
House	6	B	1	4	4	55	.	57	.	58	.	60	.	61	.	63	.	64	.	66	.
House	6	B	2	4	4	60	.	62	.	60	.	58	.	65	.	67	.	65	.	63	.
House	6	B	3	4	4	55	.	53	.	51	.	50	.	59	.	58	.	56	.	54	.
House	7	A	0	4	4	36	.	.	.	43	.	.	.	33	.	.	.	34	.	.	.
House	7	A	1	4	4	29	.	.	.	36	.	.	.	31	.	.	.	38	.	.	.
House	7	A	2	4	4	36	.	.	.	43	.	.	.	33	.	.	.	40	.	.	.
House	7	A	3	4	4	29	.	.	.	36	.	.	.	31	.	.	.	38	.	.	.
House	7	B	0	4	4	60	.	62	.	65	.	62	.	57	.	58	.	60	.	57	.
House	7	B	1	4	4	65	.	67	.	70	.	67	.	55	.	57	.	58	.	55	.
House	7	B	2	4	4	60	.	62	.	65	.	62	.	57	.	58	.	60	.	57	.
House	7	B	3	4	4	65	.	63	.	62	.	60	.	60	.	58	.	57	.	55	.
House	8	A	0	4	4	36!	.	43	.	36!	.	38	.	31!	.	33	.	31!	.	33	.
House	8	A	1	4	4	30	.	32	.	30	.	28	.	36	.	38	.	36	.	34	.
House	8	A	2	4	4	36!	.	43	.	36!	.	43	.	31!	.	38	.	31!	.	38	.
House	8	A	3	4	4	30	.	37	.	30	.	32	.	36	.	38	.	36	.	38	.
House	8	B	0	4	4	60	.	58	.	57	.	55	.	60	.	58	.	57	.	55	.
House	8	B	1	4	4	54	.	56	.	58	.	59	.	65	.	63	.	62	.	60	.
House	8	B	2	4	4	60	.	58	.	57	.	55	.	60	.	58	.	57	.	55	.
House	8	B	3	4	4	54	.	56	.	59	.	56	.	60	.	62	.	63	.	60	.
House	9	A	0	4	4	36	.	43	.	36	.	43	.	33	.	40	.	33	.	40	.
House	9	A	1	4	4	29	.	36	.	29	.	36	.	31	.	38	.	31	.	38	.
House	9	A	2	4	4	36!	.	43	.	36!	.	43	.	33!	.	40	.	33!	.	40	.
House	9	A	3	4	4	29!	.	36	.	29!	.	36	.	31!	.	38	.	31!	.	38	.
House	9	B	0	4	4	60	.	62	60	.	.	58	.	57	.	58	57	.	.	55	.
House	9	B	1	4	4	65	.	67	70	.	.	67	.	55	.	57	58	.	.	55	.
House	9	B	2	4	4	60	.	62	63	.	.	65	.	63	.	65	67	.	.	69	.
House	9	B	3	4	4	65	.	67	70	.	.	67	.	55	.	57	58	.	.	55	.
# Techno press 0: 8B refused, trying 4B
Techno	0	A	0	4	4	36	.	36	.	36	.	36	.	36	.	36	.	36	.	36	.
Techno	0	A	1	4	4	36	.	36	.	36	.	36	.	36	.	36	.	36	.	36	.
Techno	0	A	2	4	4	36	.	36	.	36	.	36	.	36	.	36	.	36	.	36	.
Techno	0	A	3	4	4	36	.	36	.	36	.	36	.	36	.	36	.	36	.	36	.
Techno	0	B	0	4	4	.	60	.	.	.	.	.	62	.	.	.	.	.	60	.	.
Techno	0	B	1	4	4	.	60	.	.	.	.	.	62	.	.	.	.	.	60	.	.
Techno	0	B	2	4	4	.	60	.	.	.	.	.	62	.	.	.	.	.	60	.	.
Techno	0	B	3	4	4	.	60	.	.	.	.	.	62	.	.	.	.	.	60	.	.
Techno	1	A	0	4	4	36	.	.	36	.	.	.	36	.	.	36	.	.	.	36	.
Techno	1	A	1	4	4	36	.	.	36	.	.	.	36	36	.	36	.	.	.	36	.
Techno	1	A	2	4	4	36	.	.	36	.	.	.	36	.	.	36	.	.	.	36	.
Techno	1	A	3	4	4	36	.	.	36	.	.	.	36	.	.	36	.	.	36	36	.
Techno	1	B	0	4	4	.	60	.	.	.	.	.	.	.	.	.	.	.	62	.	.
Techno	1	B	1	4	4	.	60	.	.	.	.	.	.	.	.	.	.	.	62	.	.
Techno	1	B	2	4	4	.	60	.	.	.	.	.	.	.	.	.	.	.	62	.	.
Techno	1	B	3	4	4	.	60	.	.	.	.	.	.	.	.	.	.	.	62	.	.
Techno	2	A	0	4	4	36	.	36	.	.	.	36	.	36	.	36	.	.	.	36	.
Techno	2	A	1	4	4	36	.	36	.	.	.	36	.	36	.	36	.	.	.	36	.
Techno	2	A	2	4	4	36	.	36	.	.	.	36	.	36	.	36	.	.	.	36	.
Techno	2	A	3	4	4	36	.	36	.	.	.	36	.	36	.	36	.	.	.	36	.
Techno	2	B	0	4	4	.	60	.	.	.	62	.	.	.	.	.	.	.	.	.	.
Techno	2	B	1	4	4	.	60	.	.	.	62	.	.	.	.	.	.	.	.	.	.
Techno	2	B	2	4	4	.	60	.	.	.	62	.	.	.	.	.	.	.	.	.	.
Techno	2	B	3	4	4	.	60	.	.	.	62	.	.	.	.	.	.	.	.	.	.
Techno	3	A	0	4	4	36	.	.	.	36	.	.	.	36	.	.	.	36	.	.	.
Techno	3	A	1	4	4	36	.	.	.	36	.	.	.	36	.	.	.	36	.	.	.
Techno	3	A	2	4	4	36	.	.	.	36	.	.	.	36	.	.	.	36	.	.	.
Techno	3	A	3	4	4	36	.	.	.	36	.	.	.	36	.	.	.	36	.	.	.
Techno	3	B	0	4	4	.	60	.	.	.	.	.	62	.	.	.	.	.	60	.	.
Techno	3	B	1	4	4	.	60	.	.	.	.	.	62	.	.	.	.	.	60	.	.
Techno	3	B	2	4	4	.	60	.	.	.	.	.	62	.	.	.	.	.	60	.	.
Techno	3	B	3	4	4	.	60	.	.	.	.	.	62	.	.	.	.	.	60	.	.
Techno	4	A	0	4	4	36	.	36	.	.	.	36	.	36	.	36	.	.	.	36	.
Techno	4	A	1	4	4	36	.	36	.	.	.	36	.	36	36	36	.	.	.	36	.
Techno	4	A	2	4	4	36	.	36	.	.	.	36	.	36	.	36	.	.	.	36	.
Techno	4	A	3	4	4	36	.	36	.	.	.	36	.	36	.	36	.	.	36	36	.
Techno	4	B	0	4	4	.	60	.	.	.	.	.	62	.	.	.	.	.	60	.	.
Techno	4	B	1	4	4	.	60	.	.	.	.	.	62	.	.	.	.	.	60	.	.
Techno	4	B	2	4	4	.	60	.	.	.	.	.	62	.	.	.	.	.	60	.	.
Techno	4	B	3	4	4	.	60	.	.	.	.	.	62	.	.	.	.	.	60	.	.
Techno	5	A	0	4	4	.	.	36	.	.	.	36	.	.	.	36	.	.	.	36	.
Techno	5	A	1	4	4	.	.	36	.	.	.	36	.	.	.	36	.	.	.	36	.
Techno	5	A	2	4	4	.	.	36	.	.	.	36	.	.	.	36	.	.	.	36	.
Techno	5	A	3	4	4	.	.	36	.	.	.	36	.	.	.	36	.	.	.	36	.
Techno	5	B	0	4	4	.	60	.	.	.	.	.	62	.	.	.	.	.	60	.	.
Techno	5	B	1	4	4	.	60	.	.	.	.	.	62	.	.	.	.	.	60	.	.
Techno	5	B	2	4	4	.	60	.	.	.	.	.	62	.	.	.	.	.	60	.	.
Techno	5	B	3	4	4	.	60	.	.	.	.	.	62	.	.	.	.	.	60	.	.
Techno	6	A	0	4	4	36	.	.	.	36	.	.	.	36	.	.	.	36	.	.	.
Techno	6	A	1	4	4	36	.	.	.	36	.	.	.	36	.	.	.	36	.	.	.
Techno	6	A	2	4	4	36	.	.	.	36	.	.	.	36	.	.	.	36	.	.	.
Techno	6	A	3	4	4	36	.	.	.	36	.	.	.	36	.	.	.	36	.	.	.
Techno	6	B	0	4	4	.	60	.	.	.	.	.	62	.	.	.	.	.	60	.	.
Techno	6	B	1	4	4	.	60	.	.	.	.	.	62	.	.	.	.	.	60	.	.
Techno	6	B	2	4	4	.	60	.	.	.	.	.	62	.	.	.	.	.	60	.	.
Techno	6	B	3	4	4	.	60	.	.	.	.	.	62	.	.	.	.	.	60	.	.
Techno	7	A	0	4	4	36	.	36	.	36	.	36	.	36	.	36	.	36	.	36	.
Techno	7	A	1	4	4	36	.	36	.	36	.	36	.	36	.	36	.	36	.	36	.
Techno	7	A	2	4	4	36	.	36	.	36	.	36	.	36	.	36	.	36	.	36	.
Techno	7	A	3	4	4	36	.	36	.	36	.	36	.	36	.	36	.	36	.	36	.
Techno	7	B	0	4	4	.	60	.	.	.	62	.	.	.	.	.	.	.	.	.	.
Techno	7	B	1	4	4	.	60	.	.	.	62	.	.	.	.	.	.	.	.	.	.
Techno	7	B	2	4	4	.	60	.	.	.	62	.	.	.	.	.	.	.	.	.	.
Techno	7	B	3	4	4	.	60	.	.	.	62	.	.	.	.	.	.	.	.	.	.
Techno	8	A	0	4	4	36	.	.	.	36	.	.	.	36	.	.	.	36	.	.	.
Techno	8	A	1	4	4	36	.	.	.	36	.	.	.	36	.	.	.	36	.	.	.
Techno	8	A	2	4	4	36	.	.	.	36	.	.	.	36	.	.	.	36	.	.	.
Techno	8	A	3	4	4	36	.	.	.	36	.	.	.	36	.	.	.	36	.	.	.
Techno	8	B	0	4	4	.	60	.	.	.	.	.	62	.	.	.	.	.	60	.	.
Techno	8	B	1	4	4	.	60	.	.	.	.	.	62	.	.	.	.	.	60	.	.
Techno	8	B	2	4	4	.	60	.	.	.	.	.	62	.	.	.	.	.	60	.	.
Techno	8	B	3	4	4	.	60	.	.	.	.	.	62	.	.	.	.	.	60	.	.
Techno	9	A	0	4	4	36	.	.	.	.	.	.	36	.	.	36	.	.	.	36	.
Techno	9	A	1	4	4	36	.	.	.	.	.	.	36	.	.	36	.	.	.	36	.
Techno	9	A	2	4	4	36	.	.	.	.	.	.	36	.	.	36	.	.	.	36	.
Techno	9	A	3	4	4	36	.	.	.	.	.	.	36	.	.	36	.	.	.	36	.
Techno	9	B	0	4	4	.	60	.	.	.	.	.	.	.	.	.	.	.	62	.	.
Techno	9	B	1	4	4	.	60	.	.	.	.	.	.	.	.	.	.	.	62	.	.
Techno	9	B	2	4	4	.	60	.	.	.	.	.	.	.	.	.	.	.	62	.	.
Techno	9	B	3	4	4	.	60	.	.	.	.	.	.	.	.	.	.	.	62	.	.
# FunkSoul press 0: 8B refused, trying 4B
FunkSoul	0	A	0	4	4	38	.	.	.	.	.	.	38	.	.	33	.	.	.	.	.
FunkSoul	0	A	1	4	4	33	.	.	.	.	.	.	34	.	.	38	.	.	.	.	.
FunkSoul	0	A	2	4	4	27	.	.	.	.	.	.	29	.	.	36	.	.	.	.	.
FunkSoul	0	A	3	4	4	34	.	.	.	.	.	.	36	.	.	31	.	.	.	.	.
FunkSoul	0	B	0	4	4	.	62	.	.	62	.	.	.	.	.	.	.	.	55	.	.
FunkSoul	0	B	1	4	4	.	60	.	.	58	.	.	.	.	.	.	.	.	62	.	.
FunkSoul	0	B	2	4	4	.	55	.	.	57	.	.	.	.	.	.	.	.	60	.	.
FunkSoul	0	B	3	4	4	.	62	.	.	60	.	.	.	.	.	.	.	.	55	.	.
FunkSoul	1	A	0	4	4	.	.	34	.	.	36	.	.	.	.	.	.	31	.	.	.
FunkSoul	1	A	1	4	4	.	.	36	.	.	36	.	.	.	.	.	.	39	.	.	.
FunkSoul	1	A	2	4	4	.	.	27	.	.	29	.	.	.	.	.	.	36	.	.	.
FunkSoul	1	A	3	4	4	.	.	34	.	.	36	.	.	.	.	.	.	31	.	.	.
FunkSoul	1	B	0	4	4	.	62	.	.	63	.	.	65	.	.	57	.	.	55	.	.
FunkSoul	1	B	1	4	4	.	60	.	.	58	.	.	57	.	.	60	.	.	62	.	.
FunkSoul	1	B	2	4	4	.	55	.	.	53	.	.	51	.	.	58	.	.	60	.	.
FunkSoul	1	B	3	4	4	.	62	.	.	63	.	.	62	.	.	53	.	.	55	.	.
FunkSoul	2	A	0	4	4	.	.	36	.	.	.	36	.	.	.	.	.	.	.	.	.
FunkSoul	2	A	1	4	4	.	.	30	.	.	.	30	.	.	.	.	.	.	.	.	.
FunkSoul	2	A	2	4	4	.	.	36	.	.	.	36	.	.	.	.	.	.	.	.	.
FunkSoul	2	A	3	4	4	.	.	28	.	.	.	30	.	.	.	.	.	.	.	.	.
FunkSoul	2	B	0	4	4	.	60	.	.	60	.	.	60	.	.	55	.	.	55	.	.
FunkSoul	2	B	1	4	4	.	54	.	.	54	.	.	54	.	.	60	.	.	60	.	.
FunkSoul	2	B	2	4	4	.	60	.	.	62	.	.	60	.	.	53	.	.	55	.	.
FunkSoul	2	B	3	4	4	.	54	.	.	56	.	.	58	.	.	62	.	.	60	.	.
FunkSoul	3	A	0	4	4	38	.	.	39	.	.	.	38	.	.	29	.	.	.	31	.
FunkSoul	3	A	1	4	4	36	.	.	38	.	.	.	36	.	.	36	.	.	.	38	.
FunkSoul	3	A	2	4	4	31	.	.	31	.	.	.	27	.	.	34	.	.	.	36	.
FunkSoul	3	A	3	4	4	38	.	.	39	.	.	.	38	.	.	29	.	.	.	31	.
FunkSoul	3	B	0	4	4	.	.	.	.	62	.	.	.	.	57	.	.	55	.	.	.
FunkSoul	3	B	1	4	4	.	.	.	.	60	.	.	.	.	60	.	.	62	.	.	.
FunkSoul	3	B	2	4	4	.	.	.	.	55	.	.	.	.	60	.	.	60	.	.	.
FunkSoul	3	B	3	4	4	.	.	.	.	62	.	.	.	.	57	.	.	55	.	.	.
FunkSoul	4	A	0	4	4	.	.	36	.	.	.	.	.	.	.	.	.	31	.	.	.
FunkSoul	4	A	1	4	4	.	.	34	.	.	.	.	.	.	.	.	.	38	.	.	.
FunkSoul	4	A	2	4	4	.	.	31	.	.	.	.	.	.	.	.	.	36	.	.	.
FunkSoul	4	A	3	4	4	.	.	38	.	.	.	.	.	.	.	.	.	31	.	.	.
FunkSoul	4	B	0	4	4	.	.	.	.	62	.	.	.	.	53	.	.	.	.	.	.
FunkSoul	4	B	1	4	4	.	.	.	.	60	.	.	.	.	60	.	.	.	.	.	.
FunkSoul	4	B	2	4	4	.	.	.	.	55	.	.	.	.	62	.	.	.	.	.	.
FunkSoul	4	B	3	4	4	.	.	.	.	62	.	.	.	.	57	.	.	.	.	.	.
FunkSoul	5	A	0	4	4	.	.	34	.	.	.	.	.	.	.	.	.	41	.	.	.
FunkSoul	5	A	1	4	4	.	.	31	.	.	.	.	.	.	.	.	.	32	.	.	.
FunkSoul	5	A	2	4	4	.	.	36	.	.	.	.	.	.	.	.	.	43	.	.	.
FunkSoul	5	A	3	4	4	.	.	31	.	.	.	.	.	.	.	.	.	30	.	.	.
FunkSoul	5	B	0	4	4	.	60	.	.	60	.	.	60	.	.	65	.	.	65	.	.
FunkSoul	5	B	1	4	4	.	55	.	.	57	.	.	58	.	.	56	.	.	54	.	.
FunkSoul	5	B	2	4	4	.	60	.	.	58	.	.	57	.	.	63	.	.	65	.	.
FunkSoul	5	B	3	4	4	.	55	.	.	55	.	.	55	.	.	54	.	.	54	.	.
FunkSoul	6	A	0	4	4	36	.	.	.	.	.	.	.	.	.	.	.	.	.	.	.
FunkSoul	6	A	1	4	4	.	.	.	.	.	.	.	.	.	.	.	.	.	.	.	.
FunkSoul	6	A	2	4	4	.	.	.	.	.	.	.	.	33	.	.	.	.	.	.	.
FunkSoul	6	A	3	4	4	.	.	.	.	.	.	.	.	.	.	.	.	.	.	.	.
FunkSoul	6	B	0	4	4	.	60	.	.	58	.	.	57	.	.	55	.	.	57	.	.
FunkSoul	6	B	1	4	4	.	65	.	.	65	.	.	65	.	.	55	.	.	55	.	.
FunkSoul	6	B	2	4	4	.	60	.	.	62	.	.	63	.	.	58	.	.	57	.	.
FunkSoul	6	B	3	4	4	.	65	.	.	65	.	.	65	.	.	55	.	.	55	.	.
FunkSoul	7	A	0	4	4	.	.	38	.	.	.	38	.	.	.	.	.	.	.	.	.
FunkSoul	7	A	1	4	4	.	.	34	.	.	.	36	.	.	.	.	.	.	.	.	.
FunkSoul	7	A	2	4	4	.	.	31	.	.	.	31	.	.	.	.	.	.	.	.	.
FunkSoul	7	A	3	4	4	.	.	36	.	.	.	38	.	.	.	.	.	.	.	.	.
FunkSoul	7	B	0	4	4	.	62	.	.	63	.	.	62	.	.	53	.	.	55	.	.
FunkSoul	7	B	1	4	4	.	60	.	.	58	.	.	57	.	.	60	.	.	62	.	.
FunkSoul	7	B	2	4	4	.	55	.	.	53	.	.	51	.	.	58	.	.	60	.	.
FunkSoul	7	B	3	4	4	.	62	.	.	62	.	.	62	.	.	55	.	.	55	.	.
FunkSoul	8	A	0	4	4	38	.	.	.	.	.	.	38	.	.	33	.	.	.	.	.
FunkSoul	8	A	1	4	4	33	.	.	.	.	.	.	34	.	.	38	.	.	.	.	.
FunkSoul	8	A	2	4	4	27	.	.	.	.	.	.	29	.	.	36	.	.	.	.	.
FunkSoul	8	A	3	4	4	34	.	.	.	.	.	.	36	.	.	31	.	.	.	.	.
FunkSoul	8	B	0	4	4	.	.	.	.	62	.	.	.	.	53	.	.	55	.	.	.
FunkSoul	8	B	1	4	4	.	.	.	.	60	.	.	.	.	63	.	.	62	.	.	.
FunkSoul	8	B	2	4	4	.	.	.	.	55	.	.	.	.	60	.	.	60	.	.	.
FunkSoul	8	B	3	4	4	.	.	.	.	62	.	.	.	.	57	.	.	55	.	.	.
FunkSoul	9	A	0	4	4	38	.	.	38	.	.	.	39	.	.	31	.	.	.	31	.
FunkSoul	9	A	1	4	4	36	.	.	36	.	.	.	33	.	.	36	.	.	.	38	.
FunkSoul	9	A	2	4	4	31	.	.	33	.	.	.	31	.	.	34	.	.	.	36	.
FunkSoul	9	A	3	4	4	38	.	.	39	.	.	.	38	.	.	29	.	.	.	31	.
FunkSoul	9	B	0	4	4	.	62	.	.	63	.	.	.	.	.	.	.	.	55	.	.
FunkSoul	9	B	1	4	4	.	60	.	.	62	.	.	.	.	.	.	.	.	62	.	.
FunkSoul	9	B	2	4	4	.	55	.	.	57	.	.	.	.	.	.	.	.	60	.	.
FunkSoul	9	B	3	4	4	.	62	.	.	62	.	.	.	.	.	.	.	.	55	.	.
