rank	owner_mode	owner_genre	recipe_id	recipe_name	rows	effective_candidate_count	observed_archetype_count	observed_archetypes	fully_observed	rhythm_family_count	rhythm_families	observed_bass_identity_count	observed_bass_identities	exact_proven_admission_alias	alias_owner_mode	alias_recipe_id	ranking_tier	score	candidate_predicate	evidence	promotion_decision	blocking_reason
1	0	Acid	6	Chicago Jack	384	2	2	405,408	1	2	FourFloor,SparsePulse	4	2,5,7,9	0			C_MIXED_FAMILY_PLURAL	2	effective admitted set spans RhythmFamily={FourFloor,SparsePulse}; a family-only predicate is insufficient	observed 2/2 archetypes; family_count=2; rows=384	BLOCKED	FAMILY_ONLY_PREDICATE_WOULD_BE_OVERBROAD
2	0	Acid	7	Rolling Acid	384	2	2	406,407	1	2	FourFloor,MachineSyncopation	4	2,5,7,9	0			C_MIXED_FAMILY_PLURAL	2	effective admitted set spans RhythmFamily={FourFloor,MachineSyncopation}; a family-only predicate is insufficient	observed 2/2 archetypes; family_count=2; rows=384	BLOCKED	FAMILY_ONLY_PREDICATE_WOULD_BE_OVERBROAD
3	7	Broken	9	Dark Skippy	384	2	2	418,420	1	2	MachineSyncopation,UkTwoStep	5	3,4,6,8,10	0			C_MIXED_FAMILY_PLURAL	2	effective admitted set spans RhythmFamily={MachineSyncopation,UkTwoStep}; a family-only predicate is insufficient	observed 2/2 archetypes; family_count=2; rows=384	BLOCKED	FAMILY_ONLY_PREDICATE_WOULD_BE_OVERBROAD
4	11	Hip-Hop	17	Dusty Jazz	384	3	3	415,416,713	1	2	Breakbeat,Funk16	5	3,4,6,8,9	0			C_MIXED_FAMILY_PLURAL	2	effective admitted set spans RhythmFamily={Breakbeat,Funk16}; a family-only predicate is insufficient	observed 3/3 archetypes; family_count=2; rows=384	BLOCKED	FAMILY_ONLY_PREDICATE_WOULD_BE_OVERBROAD
5	12	Funk/Soul	0	BASE	384	3	3	415,416,713	1	2	Breakbeat,Funk16	5	3,4,6,8,9	0			C_MIXED_FAMILY_PLURAL	2	effective admitted set spans RhythmFamily={Breakbeat,Funk16}; a family-only predicate is insufficient	observed 3/3 archetypes; family_count=2; rows=384	BLOCKED	FAMILY_ONLY_PREDICATE_WOULD_BE_OVERBROAD
6	15	Lo-Fi	12	Classic Chill	384	3	3	415,416,713	1	2	Breakbeat,Funk16	5	3,4,6,8,10	0			C_MIXED_FAMILY_PLURAL	2	effective admitted set spans RhythmFamily={Breakbeat,Funk16}; a family-only predicate is insufficient	observed 3/3 archetypes; family_count=2; rows=384	BLOCKED	FAMILY_ONLY_PREDICATE_WOULD_BE_OVERBROAD
7	15	Lo-Fi	15	Minimal Sleep	384	3	3	403,415,416	1	2	Breakbeat,FourFloor	5	3,4,6,8,10	0			C_MIXED_FAMILY_PLURAL	2	effective admitted set spans RhythmFamily={Breakbeat,FourFloor}; a family-only predicate is insufficient	observed 3/3 archetypes; family_count=2; rows=384	BLOCKED	FAMILY_ONLY_PREDICATE_WOULD_BE_OVERBROAD
8	0	Acid	0	BASE	384	4	4	405,406,407,408	1	3	FourFloor,MachineSyncopation,SparsePulse	4	2,5,7,9	0			C_MIXED_FAMILY_PLURAL	2	effective admitted set spans RhythmFamily={FourFloor,MachineSyncopation,SparsePulse}; a family-only predicate is insufficient	observed 4/4 archetypes; family_count=3; rows=384	BLOCKED	FAMILY_ONLY_PREDICATE_WOULD_BE_OVERBROAD
9	1	Outrun	0	BASE	384	4	4	401,403,711,713	1	2	FourFloor,Funk16	3	1,7,9	0			C_MIXED_FAMILY_PLURAL	2	effective admitted set spans RhythmFamily={FourFloor,Funk16}; a family-only predicate is insufficient	observed 4/4 archetypes; family_count=2; rows=384	BLOCKED	FAMILY_ONLY_PREDICATE_WOULD_BE_OVERBROAD
10	3	Electro	0	BASE	384	4	4	404,420,712,714	1	2	HipHopBackbeat,MachineSyncopation	4	3,4,5,9	0			C_MIXED_FAMILY_PLURAL	2	effective admitted set spans RhythmFamily={HipHopBackbeat,MachineSyncopation}; a family-only predicate is insufficient	observed 4/4 archetypes; family_count=2; rows=384	BLOCKED	FAMILY_ONLY_PREDICATE_WOULD_BE_OVERBROAD
11	4	Rave	0	BASE	384	4	4	401,402,404,419	1	3	FourFloor,MachineSyncopation,UkTwoStep	4	2,5,7,9	0			C_MIXED_FAMILY_PLURAL	2	effective admitted set spans RhythmFamily={FourFloor,MachineSyncopation,UkTwoStep}; a family-only predicate is insufficient	observed 4/4 archetypes; family_count=3; rows=384	BLOCKED	FAMILY_ONLY_PREDICATE_WOULD_BE_OVERBROAD
12	6	Trip-Hop	0	BASE	384	4	4	415,416,713,714	1	3	Breakbeat,Funk16,HipHopBackbeat	5	3,4,6,8,10	0			C_MIXED_FAMILY_PLURAL	2	effective admitted set spans RhythmFamily={Breakbeat,Funk16,HipHopBackbeat}; a family-only predicate is insufficient	observed 4/4 archetypes; family_count=3; rows=384	BLOCKED	FAMILY_ONLY_PREDICATE_WOULD_BE_OVERBROAD
13	7	Broken	1	UK Garage	384	4	4	417,418,419,420	1	2	MachineSyncopation,UkTwoStep	4	3,4,5,9	0			C_MIXED_FAMILY_PLURAL	2	effective admitted set spans RhythmFamily={MachineSyncopation,UkTwoStep}; a family-only predicate is insufficient	observed 4/4 archetypes; family_count=2; rows=384	BLOCKED	FAMILY_ONLY_PREDICATE_WOULD_BE_OVERBROAD
14	7	Broken	3	Footwork	384	4	4	415,416,420,714	1	3	Breakbeat,HipHopBackbeat,MachineSyncopation	4	3,4,5,9	0			C_MIXED_FAMILY_PLURAL	2	effective admitted set spans RhythmFamily={Breakbeat,HipHopBackbeat,MachineSyncopation}; a family-only predicate is insufficient	observed 4/4 archetypes; family_count=3; rows=384	BLOCKED	FAMILY_ONLY_PREDICATE_WOULD_BE_OVERBROAD
15	8	Chip	0	BASE	384	4	4	420,711,712,714	1	3	FourFloor,HipHopBackbeat,MachineSyncopation	3	1,7,9	0			C_MIXED_FAMILY_PLURAL	2	effective admitted set spans RhythmFamily={FourFloor,HipHopBackbeat,MachineSyncopation}; a family-only predicate is insufficient	observed 4/4 archetypes; family_count=3; rows=384	BLOCKED	FAMILY_ONLY_PREDICATE_WOULD_BE_OVERBROAD
16	11	Hip-Hop	16	Golden Era	384	4	4	416,712,713,714	1	4	Breakbeat,Funk16,HipHopBackbeat,MachineSyncopation	5	3,4,6,8,9	0			C_MIXED_FAMILY_PLURAL	2	effective admitted set spans RhythmFamily={Breakbeat,Funk16,HipHopBackbeat,MachineSyncopation}; a family-only predicate is insufficient	observed 4/4 archetypes; family_count=4; rows=384	BLOCKED	FAMILY_ONLY_PREDICATE_WOULD_BE_OVERBROAD
17	13	UK Garage	0	BASE	384	4	4	417,418,419,420	1	2	MachineSyncopation,UkTwoStep	4	3,4,5,9	0			C_MIXED_FAMILY_PLURAL	2	effective admitted set spans RhythmFamily={MachineSyncopation,UkTwoStep}; a family-only predicate is insufficient	observed 4/4 archetypes; family_count=2; rows=384	BLOCKED	FAMILY_ONLY_PREDICATE_WOULD_BE_OVERBROAD
18	15	Lo-Fi	13	Drunken Groove	384	4	4	415,416,713,714	1	3	Breakbeat,Funk16,HipHopBackbeat	5	3,4,6,8,9	0			C_MIXED_FAMILY_PLURAL	2	effective admitted set spans RhythmFamily={Breakbeat,Funk16,HipHopBackbeat}; a family-only predicate is insufficient	observed 4/4 archetypes; family_count=3; rows=384	BLOCKED	FAMILY_ONLY_PREDICATE_WOULD_BE_OVERBROAD
19	15	Lo-Fi	14	Lo-Fi House	384	4	4	402,419,711,713	1	3	FourFloor,Funk16,UkTwoStep	4	2,5,7,9	0			C_MIXED_FAMILY_PLURAL	2	effective admitted set spans RhythmFamily={FourFloor,Funk16,UkTwoStep}; a family-only predicate is insufficient	observed 4/4 archetypes; family_count=3; rows=384	BLOCKED	FAMILY_ONLY_PREDICATE_WOULD_BE_OVERBROAD
20	2	Darksynth	0	BASE	384	5	5	401,402,403,404,711	1	2	FourFloor,MachineSyncopation	4	2,5,7,9	0			C_MIXED_FAMILY_PLURAL	2	effective admitted set spans RhythmFamily={FourFloor,MachineSyncopation}; a family-only predicate is insufficient	observed 5/5 archetypes; family_count=2; rows=384	BLOCKED	FAMILY_ONLY_PREDICATE_WOULD_BE_OVERBROAD
21	10	Techno	0	BASE	384	5	5	401,402,403,404,420	1	2	FourFloor,MachineSyncopation	4	2,5,7,9	0			C_MIXED_FAMILY_PLURAL	2	effective admitted set spans RhythmFamily={FourFloor,MachineSyncopation}; a family-only predicate is insufficient	observed 5/5 archetypes; family_count=2; rows=384	BLOCKED	FAMILY_ONLY_PREDICATE_WOULD_BE_OVERBROAD
22	11	Hip-Hop	0	BASE	384	5	5	415,416,712,713,714	1	4	Breakbeat,Funk16,HipHopBackbeat,MachineSyncopation	5	3,4,6,8,9	0			C_MIXED_FAMILY_PLURAL	2	effective admitted set spans RhythmFamily={Breakbeat,Funk16,HipHopBackbeat,MachineSyncopation}; a family-only predicate is insufficient	observed 5/5 archetypes; family_count=4; rows=384	BLOCKED	FAMILY_ONLY_PREDICATE_WOULD_BE_OVERBROAD
23	15	Lo-Fi	0	BASE	384	5	5	403,415,416,713,714	1	4	Breakbeat,FourFloor,Funk16,HipHopBackbeat	5	3,4,6,8,10	0			C_MIXED_FAMILY_PLURAL	2	effective admitted set spans RhythmFamily={Breakbeat,FourFloor,Funk16,HipHopBackbeat}; a family-only predicate is insufficient	observed 5/5 archetypes; family_count=4; rows=384	BLOCKED	FAMILY_ONLY_PREDICATE_WOULD_BE_OVERBROAD
24	7	Broken	0	BASE	384	8	8	413,414,415,416,417,418,419,420	1	3	Breakbeat,MachineSyncopation,UkTwoStep	4	3,4,5,9	0			C_MIXED_FAMILY_PLURAL	2	effective admitted set spans RhythmFamily={Breakbeat,MachineSyncopation,UkTwoStep}; a family-only predicate is insufficient	observed 8/8 archetypes; family_count=3; rows=384	BLOCKED	FAMILY_ONLY_PREDICATE_WOULD_BE_OVERBROAD
25	5	Reggae	10	Deep Chord	384	1	1	412	1	1	DubPulse	4	3,4,6,10	0			D_SINGLETON	2	effective admitted set is singleton archetype={412}	fully_observed=1; rows=384; family=DubPulse	BLOCKED	DEGENERATE_SINGLE_CANDIDATE_SPACE
