direction,role,step,active_structural_group_count,absence_fraction,evidence_class
afro_cuban,Kick,1,7,1.0,RESEARCH_AGGREGATE
afro_cuban,Kick,2,7,1.0,RESEARCH_AGGREGATE
afro_cuban,Kick,5,7,1.0,RESEARCH_AGGREGATE
afro_cuban,Kick,9,7,1.0,RESEARCH_AGGREGATE
afro_cuban,Kick,13,7,1.0,RESEARCH_AGGREGATE
basic_patterns,Kick,1,5,1.0,RESEARCH_AGGREGATE
basic_patterns,Kick,5,5,1.0,RESEARCH_AGGREGATE
basic_patterns,Kick,9,5,1.0,RESEARCH_AGGREGATE
basic_patterns,Kick,11,5,1.0,RESEARCH_AGGREGATE
basic_patterns,Kick,13,5,1.0,RESEARCH_AGGREGATE
basic_patterns,Kick,15,5,1.0,RESEARCH_AGGREGATE
breaks,Kick,1,55,0.963636,RESEARCH_AGGREGATE
breaks,Kick,4,55,0.963636,RESEARCH_AGGREGATE
breaks,Kick,5,55,0.963636,RESEARCH_AGGREGATE
breaks,Kick,9,55,0.927273,RESEARCH_AGGREGATE
breaks,Kick,11,55,0.909091,RESEARCH_AGGREGATE
breaks,Kick,12,55,0.909091,RESEARCH_AGGREGATE
breaks,Kick,13,55,0.927273,RESEARCH_AGGREGATE
breaks,Kick,14,55,0.927273,RESEARCH_AGGREGATE
breaks,Kick,15,55,1.0,RESEARCH_AGGREGATE
breaks,Backbeat,2,64,0.953125,RESEARCH_AGGREGATE
breaks,Backbeat,3,64,0.953125,RESEARCH_AGGREGATE
breaks,Backbeat,5,64,0.96875,RESEARCH_AGGREGATE
breaks,Backbeat,6,64,0.921875,RESEARCH_AGGREGATE
breaks,Backbeat,11,64,0.953125,RESEARCH_AGGREGATE
breaks,Backbeat,13,64,0.9375,RESEARCH_AGGREGATE
breaks,Backbeat,14,64,0.90625,RESEARCH_AGGREGATE
breaks,Percussion,1,7,1.0,RESEARCH_AGGREGATE
breaks,Percussion,5,7,1.0,RESEARCH_AGGREGATE
drum_and_bass,Kick,5,9,1.0,RESEARCH_AGGREGATE
drum_and_bass,Kick,12,9,1.0,RESEARCH_AGGREGATE
drum_and_bass,Kick,13,9,1.0,RESEARCH_AGGREGATE
drum_and_bass,Kick,14,9,1.0,RESEARCH_AGGREGATE
drum_and_bass,Backbeat,0,9,1.0,RESEARCH_AGGREGATE
drum_and_bass,Backbeat,2,9,1.0,RESEARCH_AGGREGATE
drum_and_bass,Backbeat,3,9,1.0,RESEARCH_AGGREGATE
drum_and_bass,Backbeat,5,9,1.0,RESEARCH_AGGREGATE
drum_and_bass,Backbeat,6,9,1.0,RESEARCH_AGGREGATE
drum_and_bass,Backbeat,8,9,1.0,RESEARCH_AGGREGATE
drum_and_bass,Backbeat,11,9,1.0,RESEARCH_AGGREGATE
drum_and_bass,Backbeat,13,9,1.0,RESEARCH_AGGREGATE
drum_and_bass,Backbeat,15,9,1.0,RESEARCH_AGGREGATE
edm,Kick,1,7,1.0,RESEARCH_AGGREGATE
edm,Kick,2,7,1.0,RESEARCH_AGGREGATE
edm,Kick,5,7,1.0,RESEARCH_AGGREGATE
edm,Kick,7,7,1.0,RESEARCH_AGGREGATE
edm,Kick,9,7,1.0,RESEARCH_AGGREGATE
edm,Kick,13,7,1.0,RESEARCH_AGGREGATE
edm,Kick,15,7,1.0,RESEARCH_AGGREGATE
edm,Backbeat,0,7,1.0,RESEARCH_AGGREGATE
edm,Backbeat,1,7,1.0,RESEARCH_AGGREGATE
edm,Backbeat,2,7,1.0,RESEARCH_AGGREGATE
edm,Backbeat,3,7,1.0,RESEARCH_AGGREGATE
edm,Backbeat,5,7,1.0,RESEARCH_AGGREGATE
edm,Backbeat,6,7,1.0,RESEARCH_AGGREGATE
edm,Backbeat,7,7,1.0,RESEARCH_AGGREGATE
edm,Backbeat,9,7,1.0,RESEARCH_AGGREGATE
edm,Backbeat,10,7,1.0,RESEARCH_AGGREGATE
edm,Backbeat,11,7,1.0,RESEARCH_AGGREGATE
edm,Backbeat,13,7,1.0,RESEARCH_AGGREGATE
edm,Backbeat,14,7,1.0,RESEARCH_AGGREGATE
edm,OpenHat,0,5,1.0,RESEARCH_AGGREGATE
edm,OpenHat,1,5,1.0,RESEARCH_AGGREGATE
edm,OpenHat,3,5,1.0,RESEARCH_AGGREGATE
edm,OpenHat,5,5,1.0,RESEARCH_AGGREGATE
edm,OpenHat,7,5,1.0,RESEARCH_AGGREGATE
edm,OpenHat,8,5,1.0,RESEARCH_AGGREGATE
edm,OpenHat,9,5,1.0,RESEARCH_AGGREGATE
edm,OpenHat,11,5,1.0,RESEARCH_AGGREGATE
edm,OpenHat,12,5,1.0,RESEARCH_AGGREGATE
edm,OpenHat,15,5,1.0,RESEARCH_AGGREGATE
electro,Kick,1,8,1.0,RESEARCH_AGGREGATE
electro,Kick,2,8,1.0,RESEARCH_AGGREGATE
electro,Kick,3,8,1.0,RESEARCH_AGGREGATE
electro,Kick,4,8,1.0,RESEARCH_AGGREGATE
electro,Kick,5,8,1.0,RESEARCH_AGGREGATE
electro,Kick,7,8,1.0,RESEARCH_AGGREGATE
electro,Kick,12,8,1.0,RESEARCH_AGGREGATE
electro,Kick,15,8,1.0,RESEARCH_AGGREGATE
electro,Backbeat,0,8,1.0,RESEARCH_AGGREGATE
electro,Backbeat,1,8,1.0,RESEARCH_AGGREGATE
electro,Backbeat,2,8,1.0,RESEARCH_AGGREGATE
electro,Backbeat,3,8,1.0,RESEARCH_AGGREGATE
electro,Backbeat,5,8,1.0,RESEARCH_AGGREGATE
electro,Backbeat,6,8,1.0,RESEARCH_AGGREGATE
electro,Backbeat,7,8,1.0,RESEARCH_AGGREGATE
electro,Backbeat,8,8,1.0,RESEARCH_AGGREGATE
electro,Backbeat,9,8,1.0,RESEARCH_AGGREGATE
electro,Backbeat,10,8,1.0,RESEARCH_AGGREGATE
electro,Backbeat,11,8,1.0,RESEARCH_AGGREGATE
electro,Backbeat,13,8,1.0,RESEARCH_AGGREGATE
electro,Backbeat,14,8,1.0,RESEARCH_AGGREGATE
electro,Backbeat,15,8,1.0,RESEARCH_AGGREGATE
funk_soul,Kick,1,82,0.914634,RESEARCH_AGGREGATE
funk_soul,Kick,5,82,0.902439,RESEARCH_AGGREGATE
funk_soul,Backbeat,0,80,0.95,RESEARCH_AGGREGATE
funk_soul,Backbeat,2,80,0.9,RESEARCH_AGGREGATE
funk_soul,ClosedHat,1,13,0.923077,RESEARCH_AGGREGATE
funk_soul,ClosedHat,3,13,0.923077,RESEARCH_AGGREGATE
funk_soul,ClosedHat,5,13,0.923077,RESEARCH_AGGREGATE
funk_soul,ClosedHat,11,13,0.923077,RESEARCH_AGGREGATE
funk_soul,ClosedHat,13,13,1.0,RESEARCH_AGGREGATE
hip_hop,Kick,1,26,1.0,RESEARCH_AGGREGATE
hip_hop,Kick,4,26,0.961538,RESEARCH_AGGREGATE
hip_hop,Kick,5,26,0.961538,RESEARCH_AGGREGATE
hip_hop,Kick,12,26,0.961538,RESEARCH_AGGREGATE
hip_hop,Backbeat,0,26,0.961538,RESEARCH_AGGREGATE
hip_hop,Backbeat,1,26,1.0,RESEARCH_AGGREGATE
hip_hop,Backbeat,2,26,0.961538,RESEARCH_AGGREGATE
hip_hop,Backbeat,3,26,1.0,RESEARCH_AGGREGATE
hip_hop,Backbeat,5,26,1.0,RESEARCH_AGGREGATE
hip_hop,Backbeat,7,26,1.0,RESEARCH_AGGREGATE
hip_hop,Backbeat,9,26,0.961538,RESEARCH_AGGREGATE
hip_hop,Backbeat,10,26,0.961538,RESEARCH_AGGREGATE
hip_hop,Backbeat,11,26,1.0,RESEARCH_AGGREGATE
hip_hop,Backbeat,13,26,1.0,RESEARCH_AGGREGATE
hip_hop,Backbeat,14,26,0.923077,RESEARCH_AGGREGATE
hip_hop,Backbeat,15,26,1.0,RESEARCH_AGGREGATE
hip_hop,ClosedHat,5,14,0.928571,RESEARCH_AGGREGATE
hip_hop,OpenHat,1,8,1.0,RESEARCH_AGGREGATE
hip_hop,OpenHat,9,8,1.0,RESEARCH_AGGREGATE
hip_hop,OpenHat,15,8,1.0,RESEARCH_AGGREGATE
hip_hop,Percussion,1,8,1.0,RESEARCH_AGGREGATE
hip_hop,Percussion,3,8,1.0,RESEARCH_AGGREGATE
house,Kick,1,10,1.0,RESEARCH_AGGREGATE
house,Kick,2,10,0.9,RESEARCH_AGGREGATE
house,Kick,5,10,1.0,RESEARCH_AGGREGATE
house,Kick,7,10,1.0,RESEARCH_AGGREGATE
house,Kick,9,10,1.0,RESEARCH_AGGREGATE
house,Kick,10,10,0.9,RESEARCH_AGGREGATE
house,Kick,13,10,1.0,RESEARCH_AGGREGATE
house,Kick,15,10,0.9,RESEARCH_AGGREGATE
house,Backbeat,0,10,1.0,RESEARCH_AGGREGATE
house,Backbeat,1,10,0.9,RESEARCH_AGGREGATE
house,Backbeat,2,10,0.9,RESEARCH_AGGREGATE
house,Backbeat,3,10,1.0,RESEARCH_AGGREGATE
house,Backbeat,5,10,1.0,RESEARCH_AGGREGATE
house,Backbeat,6,10,1.0,RESEARCH_AGGREGATE
house,Backbeat,7,10,1.0,RESEARCH_AGGREGATE
house,Backbeat,8,10,0.9,RESEARCH_AGGREGATE
house,Backbeat,9,10,0.9,RESEARCH_AGGREGATE
house,Backbeat,10,10,0.9,RESEARCH_AGGREGATE
house,Backbeat,11,10,1.0,RESEARCH_AGGREGATE
house,Backbeat,13,10,1.0,RESEARCH_AGGREGATE
house,Backbeat,14,10,1.0,RESEARCH_AGGREGATE
house,Backbeat,15,10,1.0,RESEARCH_AGGREGATE
house,OpenHat,0,8,1.0,RESEARCH_AGGREGATE
house,OpenHat,4,8,1.0,RESEARCH_AGGREGATE
house,OpenHat,8,8,1.0,RESEARCH_AGGREGATE
pop,Kick,5,6,1.0,RESEARCH_AGGREGATE
pop,Kick,9,6,1.0,RESEARCH_AGGREGATE
pop,Kick,11,6,1.0,RESEARCH_AGGREGATE
pop,Kick,12,6,1.0,RESEARCH_AGGREGATE
pop,Kick,13,6,1.0,RESEARCH_AGGREGATE
pop,Kick,15,6,1.0,RESEARCH_AGGREGATE
pop,Backbeat,0,6,1.0,RESEARCH_AGGREGATE
pop,Backbeat,1,6,1.0,RESEARCH_AGGREGATE
pop,Backbeat,2,6,1.0,RESEARCH_AGGREGATE
pop,Backbeat,3,6,1.0,RESEARCH_AGGREGATE
pop,Backbeat,5,6,1.0,RESEARCH_AGGREGATE
pop,Backbeat,6,6,1.0,RESEARCH_AGGREGATE
pop,Backbeat,7,6,1.0,RESEARCH_AGGREGATE
pop,Backbeat,8,6,1.0,RESEARCH_AGGREGATE
pop,Backbeat,9,6,1.0,RESEARCH_AGGREGATE
pop,Backbeat,10,6,1.0,RESEARCH_AGGREGATE
pop,Backbeat,11,6,1.0,RESEARCH_AGGREGATE
pop,Backbeat,13,6,1.0,RESEARCH_AGGREGATE
pop,Backbeat,14,6,1.0,RESEARCH_AGGREGATE
pop,Backbeat,15,6,1.0,RESEARCH_AGGREGATE
pop,OpenHat,1,6,1.0,RESEARCH_AGGREGATE
pop,OpenHat,4,6,1.0,RESEARCH_AGGREGATE
pop,OpenHat,5,6,1.0,RESEARCH_AGGREGATE
pop,OpenHat,7,6,1.0,RESEARCH_AGGREGATE
pop,OpenHat,11,6,1.0,RESEARCH_AGGREGATE
pop,OpenHat,13,6,1.0,RESEARCH_AGGREGATE
pop,OpenHat,15,6,1.0,RESEARCH_AGGREGATE
