legacy_workflow	disposition	new_owner
0-9-10-performance-v1-integration.yml	removed-from-active-surface	research-manual
0-9-11-c1-full-convergence.yml	removed-from-active-surface	research-manual
0-9-11-c1a-material-identity-foundation.yml	removed-from-active-surface	research-manual
0-9-11-c2-phrase-bank-inclusion.yml	removed-from-active-surface	research-manual
0-9-11-c3-g4-semantic-apply.yml	removed-from-active-surface	research-manual
0-9-11-c4-midi-convergence.yml	removed-from-active-surface	midi-targets
0-9-11-c5-material-ux-convergence.yml	removed-from-active-surface	research-manual
0-9-11-c6-c7-ratification-ci-closure.yml	removed-from-active-surface	research-manual
0-9-11-c8-final-build-memory.yml	removed-from-active-surface	memory
0-9-11-c9-midi-repair.yml	removed-from-active-surface	midi-targets
0-9-11-c9-midi-user-closure.yml	removed-from-active-surface	midi-targets
0-9-11-c9-ui-selective-port.yml	removed-from-active-surface	research-manual
0-9-12-fs2a-current-next-causality.yml	removed-from-active-surface	research-manual
0-9-12-material-discard.yml	removed-from-active-surface	research-manual
0-9-9-performance-instrument-ui.yml	removed-from-active-surface	research-manual
0-9-9-phrase-c1-semantic-contract.yml	removed-from-active-surface	research-manual
0-9-9-phrase-h1-f1-global-source.yml	removed-from-active-surface	research-manual
0-9-9-phrase-h2r-h1-f1-replay.yml	removed-from-active-surface	research-manual
0-9-9-phrase-i1-end-to-end.yml	removed-from-active-surface	research-manual
0-9-9-phrase-p1r-production-execution.yml	removed-from-active-surface	research-manual
0-9-9-phrase-w1-harmonic-when-owner-recovery.yml	removed-from-active-surface	research-manual
0-9-9-phrase-w1r-h1-f1-replay.yml	removed-from-active-surface	research-manual
0-9-9-ui-final-product-pass.yml	removed-from-active-surface	research-manual
0-9-9-ui-p0-ownership-audit.yml	removed-from-active-surface	research-manual
0_9_10_memory_r1_product_closure.yml	removed-from-active-surface	memory
0_9_10_pattern_phrase_p1c_runtime_foundation.yml	removed-from-active-surface	research-manual
0_9_10_pattern_phrase_p2_common_runtime_playback.yml	removed-from-active-surface	research-manual
0_9_10_pattern_phrase_p3_phrase_lifetime.yml	removed-from-active-surface	research-manual
0_9_10_pattern_phrase_p3_u1_hybrid_pattern_phrase_ux.yml	removed-from-active-surface	research-manual
0_9_10_ui_constitution_u1g.yml	removed-from-active-surface	research-manual
0_9_10_ui_constitution_u2a.yml	removed-from-active-surface	research-manual
0_9_10_ui_constitution_u4a.yml	removed-from-active-surface	research-manual
0_9_10_ui_constitution_u4b1.yml	removed-from-active-surface	research-manual
0_9_10_ui_constitution_u4b2.yml	removed-from-active-surface	research-manual
0_9_10_ui_constitution_u4b2_closure.yml	removed-from-active-surface	research-manual
0_9_10_ui_constitution_u4b3.yml	removed-from-active-surface	research-manual
0_9_10_ui_constitution_u4b4.yml	removed-from-active-surface	research-manual
0_9_10_ui_constitution_u4b5.yml	removed-from-active-surface	research-manual
0_9_10_ui_constitution_v1.yml	removed-from-active-surface	research-manual
0_9_10_ui_sd_dynbuffers_integration.yml	removed-from-active-surface	research-manual
cardputer-memory-baseline.yml	removed-from-active-surface	memory
core-regressions.yml	removed-from-active-surface	core/nightly
drum-engine-audio-guard.yml	removed-from-active-surface	nightly
e2b-canonical-diff-budget.yml	removed-from-active-surface	nightly
four-axis-ui.yml	removed-from-active-surface	core/nightly
generation-0-9-9-a-compatibility.yml	removed-from-active-surface	nightly/research-manual
generation-0-9-9-b-undo-owner.yml	removed-from-active-surface	nightly/research-manual
generation-0-9-9-b2-pattern-owner.yml	removed-from-active-surface	nightly/research-manual
generation-0-9-9-c-activation.yml	removed-from-active-surface	nightly/research-manual
generation-0-9-9-d1-liveness.yml	removed-from-active-surface	nightly/research-manual
generation-0-9-9-d2-live-phrase.yml	removed-from-active-surface	nightly/research-manual
generation-0-9-9-d3-live-song.yml	removed-from-active-surface	nightly/research-manual
generation-0-9-9-e0a-temporal-coordinates.yml	removed-from-active-surface	nightly/research-manual
generation-0-9-9-e1a-one-evolution-mutation-owner.yml	removed-from-active-surface	nightly/research-manual
generation-0-9-9-e2a-canonical-mutation-producer.yml	removed-from-active-surface	nightly/research-manual
generation-0-9-9-e2c-mutation-delta.yml	removed-from-active-surface	nightly/research-manual
generation-0-9-9-e2t-activity-cadence.yml	removed-from-active-surface	nightly/research-manual
generation-0-9-9-m1-o1-observability.yml	removed-from-active-surface	nightly/research-manual
generation-0-9-9-m1-p1-multibar-phrase.yml	removed-from-active-surface	nightly/research-manual
generation-0-9-9-pmb-p1-bounded-prepare-commit.yml	removed-from-active-surface	nightly/research-manual
generation-stage15b.yml	removed-from-active-surface	nightly/research-manual
generation-stage15c.yml	removed-from-active-surface	nightly/research-manual
gf2-c2-gate-b.yml	removed-from-active-surface	research-manual
gf2-c2-v0r-structured-observation.yml	removed-from-active-surface	research-manual
gf2-e0-target-validation.yml	removed-from-active-surface	research-manual
gf2-i4-corridor-consumers.yml	removed-from-active-surface	research-manual
gf2-i5-depth-role-hierarchy.yml	removed-from-active-surface	research-manual
gf2-semantic-analysis.yml	removed-from-active-surface	research-manual
instrument-interaction-closure.yml	removed-from-active-surface	core/nightly
midi-device-profiles-0-9-7-r2.yml	removed-from-active-surface	midi-targets
midi-device-profiles-0-9-7-r3.yml	removed-from-active-surface	midi-targets
midi-device-profiles-0-9-7-r4.yml	removed-from-active-surface	midi-targets
midi-device-profiles-0-9-7-r5.yml	removed-from-active-surface	midi-targets
midi-device-profiles-0-9-7-r5a.yml	removed-from-active-surface	midi-targets
midi-device-profiles-0-9-7-r6.yml	removed-from-active-surface	midi-targets
midi-device-profiles-0-9-7-r7.yml	removed-from-active-surface	midi-targets
midi-device-profiles-0-9-7-r8.yml	removed-from-active-surface	midi-targets
midi-device-profiles-0-9-7.yml	removed-from-active-surface	midi-targets
output-ownership.yml	removed-from-active-surface	core/nightly
p2-multibar-chord-rhythm.yml	removed-from-active-surface	nightly/research-manual
p2_final_closure_materialize.yml	removed-from-active-surface	research-manual
p3-same-chord-retrigger.yml	removed-from-active-surface	nightly/research-manual
performance-closure.yml	removed-from-active-surface	core/nightly
phrase-core.yml	removed-from-active-surface	core/nightly
r1-exact-base-head-provenance.yml	removed-from-active-surface	research-manual
r1-test-liveness-recovery.yml	removed-from-active-surface	research-manual
release-0-9-stabilization.yml	removed-from-active-surface	release
research-0-9-9-phrase-h1-progression-what-source.yml	removed-from-active-surface	research-manual
sampler-drum-workflow-ux.yml	removed-from-active-surface	nightly/research-manual
sampler-persistence-ownership.yml	removed-from-active-surface	nightly/research-manual
sampler-recovery-final.yml	removed-from-active-surface	nightly/research-manual
sampler-registry-boot.yml	removed-from-active-surface	nightly/research-manual
sampler-stable-ref.yml	removed-from-active-surface	nightly/research-manual
scale-quantization.yml	removed-from-active-surface	core/nightly
stage15-final-tonal-acceptance.yml	removed-from-active-surface	nightly/research-manual
stage15-tonal-baseline.yml	removed-from-active-surface	nightly/research-manual
stage15-tonal-global-scale.yml	removed-from-active-surface	nightly/research-manual
stage15-tonal-integration.yml	removed-from-active-surface	nightly/research-manual
stage15-tonal-materializer.yml	removed-from-active-surface	nightly/research-manual
stage15-tonal-register-sweep.yml	removed-from-active-surface	nightly/research-manual
synth-persistence.yml	removed-from-active-surface	core/nightly
tape-resource-recovery.yml	removed-from-active-surface	nightly/research-manual
tonal-projector.yml	removed-from-active-surface	nightly
undo-0-9-8-r1.yml	removed-from-active-surface	nightly/research-manual
undo-0-9-8-r2-measurements.yml	removed-from-active-surface	nightly/research-manual
undo-0-9-8-r3-pattern.yml	removed-from-active-surface	nightly/research-manual
undo-0-9-8-r4-song-phrase.yml	removed-from-active-surface	nightly/research-manual
undo-0-9-8-r5-ownership-closure.yml	removed-from-active-surface	nightly/research-manual
undo-0-9-8-r6-ux.yml	removed-from-active-surface	nightly/research-manual
undo-0-9-8-r7-acceptance.yml	removed-from-active-surface	nightly/research-manual
undo-0-9-9-r9-regression.yml	removed-from-active-surface	nightly/research-manual
